/*
SQLyog Ultimate v12.14 (64 bit)
MySQL - 5.5.28 : Database - dormitory
*********************************************************************
*/

/*!40101 SET NAMES utf8 */;

/*!40101 SET SQL_MODE=''*/;

/*!40014 SET @OLD_UNIQUE_CHECKS=@@UNIQUE_CHECKS, UNIQUE_CHECKS=0 */;
/*!40014 SET @OLD_FOREIGN_KEY_CHECKS=@@FOREIGN_KEY_CHECKS, FOREIGN_KEY_CHECKS=0 */;
/*!40101 SET @OLD_SQL_MODE=@@SQL_MODE, SQL_MODE='NO_AUTO_VALUE_ON_ZERO' */;
/*!40111 SET @OLD_SQL_NOTES=@@SQL_NOTES, SQL_NOTES=0 */;
CREATE DATABASE /*!32312 IF NOT EXISTS*/`dormitory` /*!40100 DEFAULT CHARACTER SET utf8 */;

USE `dormitory`;

/*Table structure for table `admins` */

DROP TABLE IF EXISTS `admins`;

CREATE TABLE `admins` (
  `createdAt` datetime NOT NULL,
  `updatedAt` datetime NOT NULL,
  `buildingId` int(11) NOT NULL,
  `userId` int(11) NOT NULL,
  PRIMARY KEY (`buildingId`,`userId`),
  KEY `userId` (`userId`),
  CONSTRAINT `admins_ibfk_1` FOREIGN KEY (`buildingId`) REFERENCES `buildings` (`id`) ON DELETE CASCADE ON UPDATE CASCADE,
  CONSTRAINT `admins_ibfk_2` FOREIGN KEY (`userId`) REFERENCES `users` (`id`) ON DELETE CASCADE ON UPDATE CASCADE
) ENGINE=InnoDB DEFAULT CHARSET=utf8;

/*Data for the table `admins` */

insert  into `admins`(`createdAt`,`updatedAt`,`buildingId`,`userId`) values 
('2021-12-24 15:04:13','2021-12-24 15:04:13',1,9),
('2021-12-24 15:04:13','2021-12-24 15:04:13',3,2),
('2021-12-24 15:04:13','2021-12-24 15:04:13',6,2),
('2021-12-24 15:04:13','2021-12-24 15:04:13',7,9);

/*Table structure for table `backrecords` */

DROP TABLE IF EXISTS `backrecords`;

CREATE TABLE `backrecords` (
  `id` int(11) NOT NULL AUTO_INCREMENT,
  `createdAt` datetime NOT NULL,
  `updatedAt` datetime NOT NULL,
  `deletedAt` datetime DEFAULT NULL,
  `userId` int(11) DEFAULT NULL,
  `roomId` int(11) DEFAULT NULL,
  PRIMARY KEY (`id`),
  KEY `roomId` (`roomId`),
  CONSTRAINT `backrecords_ibfk_1` FOREIGN KEY (`roomId`) REFERENCES `rooms` (`id`) ON DELETE SET NULL ON UPDATE CASCADE
) ENGINE=InnoDB AUTO_INCREMENT=20 DEFAULT CHARSET=utf8;

/*Data for the table `backrecords` */

insert  into `backrecords`(`id`,`createdAt`,`updatedAt`,`deletedAt`,`userId`,`roomId`) values 
(1,'2021-12-24 14:40:00','2021-12-24 14:40:00',NULL,1,1),
(2,'2021-12-24 14:40:00','2021-12-24 14:40:00',NULL,1,1),
(3,'2021-12-24 14:40:00','2021-12-24 14:40:00',NULL,4,1),
(4,'2021-12-24 14:40:00','2021-12-24 14:40:00',NULL,5,1),
(5,'2021-12-24 14:40:00','2021-12-24 14:40:00',NULL,5,1),
(6,'2021-12-24 14:40:00','2021-12-24 14:40:00',NULL,5,1),
(7,'2021-12-24 14:40:00','2021-12-24 14:40:00',NULL,1,1),
(14,'2021-12-24 14:40:00','2021-12-24 14:40:00',NULL,6,2),
(15,'2021-12-24 14:40:00','2021-12-24 14:40:00',NULL,1,1),
(16,'2021-12-24 14:40:00','2021-12-24 14:40:00',NULL,6,2),
(17,'2021-12-24 14:40:00','2021-12-24 14:40:00',NULL,5,1),
(18,'2021-12-24 14:40:00','2021-12-24 14:40:00',NULL,11,1),
(19,'2021-12-24 14:40:00','2021-12-24 14:40:00',NULL,1,1);

/*Table structure for table `buildings` */

DROP TABLE IF EXISTS `buildings`;

CREATE TABLE `buildings` (
  `id` int(11) NOT NULL AUTO_INCREMENT,
  `name` varchar(255) NOT NULL COMMENT '楼宇名称',
  `createdAt` datetime NOT NULL,
  `updatedAt` datetime NOT NULL,
  `deletedAt` datetime DEFAULT NULL,
  PRIMARY KEY (`id`)
) ENGINE=InnoDB AUTO_INCREMENT=8 DEFAULT CHARSET=utf8;

/*Data for the table `buildings` */

insert  into `buildings`(`id`,`name`,`createdAt`,`updatedAt`,`deletedAt`) values 
(1,'芙蓉楼','2021-12-24 14:40:00','2021-12-24 14:40:00',NULL),
(2,'大西门','2021-12-24 14:40:00','2021-12-24 14:38:10','2021-12-24 14:38:34'),
(3,'新知楼','2021-12-24 14:40:00','2021-12-24 14:40:00',NULL),
(6,'测试楼层','2021-12-24 14:40:00','2021-12-24 14:38:10','2021-12-24 14:38:27'),
(7,'测试楼2','2021-12-24 14:40:00','2021-12-24 14:40:00','2021-12-24 14:38:29');

/*Table structure for table `cleaners` */

DROP TABLE IF EXISTS `cleaners`;

CREATE TABLE `cleaners` (
  `id` int(11) NOT NULL AUTO_INCREMENT,
  `name` varchar(255) NOT NULL COMMENT '保洁员姓名',
  `phone` varchar(255) DEFAULT NULL COMMENT '保洁员电话',
  `createdAt` datetime NOT NULL,
  `updatedAt` datetime NOT NULL,
  `deletedAt` datetime DEFAULT NULL,
  `buildingId` int(11) DEFAULT NULL,
  PRIMARY KEY (`id`),
  KEY `buildingId` (`buildingId`),
  CONSTRAINT `cleaners_ibfk_1` FOREIGN KEY (`buildingId`) REFERENCES `buildings` (`id`) ON DELETE SET NULL ON UPDATE CASCADE
) ENGINE=InnoDB AUTO_INCREMENT=9 DEFAULT CHARSET=utf8;

/*Data for the table `cleaners` */

insert  into `cleaners`(`id`,`name`,`phone`,`createdAt`,`updatedAt`,`deletedAt`,`buildingId`) values 
(1,'凉风阿姨','13822222222','2021-12-24 14:40:00','2021-12-24 14:40:00',NULL,1),
(2,'巫山阿姨','12233333333','2021-12-24 14:40:00','2021-12-24 14:40:00',NULL,1),
(3,'宿舍阿姨','12345678901','2021-12-24 14:40:00','2021-12-24 14:40:00','2020-02-23 10:09:39',1),
(4,'贝贝阿姨','123455666666','2021-12-24 14:40:00','2021-12-24 14:40:00',NULL,2),
(5,'测试阿姨','12333333333','2021-12-24 14:40:00','2021-12-24 14:40:00',NULL,6),
(6,'测试保洁员','12333333333','2021-12-24 14:40:00','2021-12-24 14:40:00',NULL,7),
(7,'永毅阿姨','88888888','2021-12-24 14:40:00','2021-12-24 14:40:00',NULL,1),
(8,'宋林阿姨','88888888','2021-12-24 14:40:00','2021-12-24 14:40:00',NULL,3);

/*Table structure for table `cleanrecords` */

DROP TABLE IF EXISTS `cleanrecords`;

CREATE TABLE `cleanrecords` (
  `id` int(11) NOT NULL AUTO_INCREMENT,
  `createdAt` datetime NOT NULL,
  `updatedAt` datetime NOT NULL,
  `deletedAt` datetime DEFAULT NULL,
  `userId` int(11) DEFAULT NULL,
  `roomId` int(11) DEFAULT NULL,
  PRIMARY KEY (`id`),
  KEY `roomId` (`roomId`),
  CONSTRAINT `cleanrecords_ibfk_1` FOREIGN KEY (`roomId`) REFERENCES `rooms` (`id`) ON DELETE SET NULL ON UPDATE CASCADE
) ENGINE=InnoDB AUTO_INCREMENT=11 DEFAULT CHARSET=utf8;

/*Data for the table `cleanrecords` */

insert  into `cleanrecords`(`id`,`createdAt`,`updatedAt`,`deletedAt`,`userId`,`roomId`) values 
(1,'2021-12-24 14:40:00','2021-12-24 14:40:00',NULL,1,1),
(2,'2021-12-23 14:40:00','2021-12-23 14:40:00',NULL,1,1),
(3,'2021-12-24 14:40:00','2021-12-24 14:40:00',NULL,4,1),
(5,'2021-12-22 14:40:00','2021-12-22 14:40:00',NULL,1,1),
(6,'2021-12-24 14:40:00','2021-12-24 14:40:00',NULL,6,2),
(7,'2021-12-21 14:40:00','2021-12-21 14:40:00',NULL,1,1),
(8,'2021-12-20 14:40:00','2021-12-20 14:40:00',NULL,1,1),
(9,'2021-12-23 14:40:00','2021-12-23 14:40:00',NULL,6,2),
(10,'2021-12-24 14:40:00','2021-12-24 14:40:00',NULL,5,1);

/*Table structure for table `evaluates` */

DROP TABLE IF EXISTS `evaluates`;

CREATE TABLE `evaluates` (
  `id` int(11) NOT NULL AUTO_INCREMENT,
  `score` int(11) NOT NULL COMMENT '评价分数',
  `note` varchar(255) DEFAULT NULL COMMENT '评价备注',
  `createdAt` datetime NOT NULL,
  `updatedAt` datetime NOT NULL,
  `deletedAt` datetime DEFAULT NULL,
  `userId` int(11) DEFAULT NULL,
  `roomId` int(11) DEFAULT NULL,
  PRIMARY KEY (`id`),
  KEY `roomId` (`roomId`),
  CONSTRAINT `evaluates_ibfk_1` FOREIGN KEY (`roomId`) REFERENCES `rooms` (`id`) ON DELETE SET NULL ON UPDATE CASCADE
) ENGINE=InnoDB AUTO_INCREMENT=8 DEFAULT CHARSET=utf8;

/*Data for the table `evaluates` */

insert  into `evaluates`(`id`,`score`,`note`,`createdAt`,`updatedAt`,`deletedAt`,`userId`,`roomId`) values 
(1,98,'宿舍不错','2021-12-24 14:40:00','2021-12-24 14:40:00',NULL,2,1),
(2,75,'一般般吧','2021-12-24 14:40:00','2021-12-24 14:40:00',NULL,2,1),
(3,59,'很差劲','2021-12-24 14:40:00','2021-12-24 14:40:00',NULL,2,1),
(5,60,'一般一般','2021-12-24 14:40:00','2021-12-24 14:40:00','2021-12-24 14:42:00',2,1),
(6,100,'不错','2021-12-24 14:40:00','2021-12-24 14:40:00','2020-02-24 14:01:27',2,1),
(7,60,'评价测试','2021-12-24 14:40:00','2021-12-24 14:40:00',NULL,2,1);

/*Table structure for table `floors` */

DROP TABLE IF EXISTS `floors`;

CREATE TABLE `floors` (
  `id` int(11) NOT NULL AUTO_INCREMENT,
  `layer` int(11) DEFAULT NULL COMMENT '楼层',
  `buildingId` int(11) DEFAULT NULL,
  `createdAt` datetime NOT NULL,
  `updatedAt` datetime NOT NULL,
  `deletedAt` datetime DEFAULT NULL,
  `cleanerId` int(11) DEFAULT NULL,
  PRIMARY KEY (`id`),
  UNIQUE KEY `compositeIndex` (`layer`,`buildingId`),
  KEY `buildingId` (`buildingId`),
  KEY `cleanerId` (`cleanerId`),
  CONSTRAINT `floors_ibfk_1` FOREIGN KEY (`buildingId`) REFERENCES `buildings` (`id`) ON UPDATE CASCADE,
  CONSTRAINT `floors_ibfk_2` FOREIGN KEY (`cleanerId`) REFERENCES `cleaners` (`id`) ON DELETE SET NULL ON UPDATE CASCADE
) ENGINE=InnoDB AUTO_INCREMENT=26 DEFAULT CHARSET=utf8;

/*Data for the table `floors` */

insert  into `floors`(`id`,`layer`,`buildingId`,`createdAt`,`updatedAt`,`deletedAt`,`cleanerId`) values 
(1,1,1,'2021-12-24 14:40:00','2021-12-24 14:40:00',NULL,1),
(2,2,1,'2021-12-24 14:40:00','2021-12-24 14:40:00',NULL,NULL),
(3,3,1,'2021-12-24 14:40:00','2021-12-24 14:40:00',NULL,1),
(4,4,1,'2021-12-24 14:40:00','2021-12-24 14:40:00',NULL,NULL),
(5,5,1,'2021-12-24 14:40:00','2021-12-24 14:40:00',NULL,NULL),
(6,6,1,'2021-12-24 14:40:00','2021-12-24 14:40:00',NULL,NULL),
(7,7,1,'2021-12-24 14:40:00','2021-12-24 14:40:00',NULL,NULL),
(8,8,1,'2021-12-24 14:40:00','2021-12-24 14:40:00',NULL,NULL),
(9,9,1,'2021-12-24 14:40:00','2021-12-24 14:40:00',NULL,NULL),
(10,10,1,'2021-12-24 14:40:00','2021-12-24 14:40:00',NULL,NULL),
(11,1,3,'2021-12-24 14:40:00','2021-12-24 14:40:00',NULL,NULL),
(14,1,6,'2021-12-24 14:40:00','2021-12-24 14:40:00',NULL,5),
(15,2,6,'2021-12-24 14:40:00','2021-12-24 14:40:00',NULL,5),
(16,3,6,'2021-12-24 14:40:00','2021-12-24 14:40:00',NULL,NULL),
(17,4,6,'2021-12-24 14:40:00','2021-12-24 14:40:00',NULL,NULL),
(18,5,6,'2021-12-24 14:40:00','2021-12-24 14:40:00',NULL,NULL),
(19,6,6,'2021-12-24 14:40:00','2021-12-24 14:40:00',NULL,NULL),
(20,7,6,'2021-12-24 14:40:00','2021-12-24 14:40:00',NULL,NULL),
(21,8,6,'2021-12-24 14:40:00','2021-12-24 14:40:00',NULL,NULL),
(22,9,6,'2021-12-24 14:40:00','2021-12-24 14:40:00',NULL,NULL),
(23,1,7,'2021-12-24 14:40:00','2021-12-24 14:40:00',NULL,6),
(24,2,7,'2021-12-24 14:40:00','2021-12-24 14:40:00',NULL,6),
(25,3,7,'2021-12-24 14:40:00','2021-12-24 14:40:00',NULL,NULL);

/*Table structure for table `getuprecords` */

DROP TABLE IF EXISTS `getuprecords`;

CREATE TABLE `getuprecords` (
  `id` int(11) NOT NULL AUTO_INCREMENT,
  `createdAt` datetime NOT NULL,
  `updatedAt` datetime NOT NULL,
  `deletedAt` datetime DEFAULT NULL,
  `userId` int(11) DEFAULT NULL,
  `roomId` int(11) DEFAULT NULL,
  PRIMARY KEY (`id`),
  KEY `roomId` (`roomId`),
  CONSTRAINT `getuprecords_ibfk_1` FOREIGN KEY (`roomId`) REFERENCES `rooms` (`id`) ON DELETE SET NULL ON UPDATE CASCADE
) ENGINE=InnoDB AUTO_INCREMENT=38 DEFAULT CHARSET=utf8;

/*Data for the table `getuprecords` */

insert  into `getuprecords`(`id`,`createdAt`,`updatedAt`,`deletedAt`,`userId`,`roomId`) values 
(8,'2021-12-24 14:40:00','2021-12-24 14:40:00',NULL,4,1),
(9,'2021-12-24 14:40:00','2021-12-24 14:40:00',NULL,1,1),
(13,'2021-12-24 14:40:00','2021-12-24 14:40:00',NULL,1,1),
(14,'2021-12-24 14:40:00','2021-12-24 14:40:00',NULL,1,1),
(16,'2021-12-24 14:40:00','2021-12-24 14:40:00',NULL,1,1),
(17,'2021-12-24 14:40:00','2021-12-24 14:40:00',NULL,1,1),
(27,'2021-12-24 14:40:00','2021-12-24 14:40:00',NULL,6,2),
(28,'2021-12-24 14:40:00','2021-12-24 14:40:00',NULL,1,1),
(29,'2021-12-24 14:40:00','2021-12-24 14:40:00',NULL,6,2),
(30,'2021-12-24 14:40:00','2021-12-24 14:40:00',NULL,5,1),
(31,'2021-12-24 14:40:00','2021-12-24 14:40:00',NULL,4,1),
(32,'2021-12-24 14:40:00','2021-12-24 14:40:00',NULL,5,1),
(33,'2021-12-24 14:40:00','2021-12-24 14:40:00',NULL,5,1),
(34,'2021-12-24 14:40:00','2021-12-24 14:40:00',NULL,5,1),
(35,'2021-12-24 14:40:00','2021-12-24 14:40:00',NULL,1,1),
(36,'2021-12-24 14:40:00','2021-12-24 14:40:00',NULL,1,1),
(37,'2021-12-24 14:40:00','2021-12-24 14:40:00',NULL,11,1);

/*Table structure for table `rooms` */

DROP TABLE IF EXISTS `rooms`;

CREATE TABLE `rooms` (
  `id` int(11) NOT NULL AUTO_INCREMENT,
  `number` int(11) DEFAULT NULL COMMENT '房间号',
  `buildingId` int(11) DEFAULT NULL,
  `status` int(11) NOT NULL DEFAULT '1' COMMENT '宿舍状态，可入住为1，不可入住为2',
  `peopleNum` int(11) NOT NULL COMMENT '房间最大人数',
  `createdAt` datetime NOT NULL,
  `updatedAt` datetime NOT NULL,
  `deletedAt` datetime DEFAULT NULL,
  `floorId` int(11) DEFAULT NULL,
  PRIMARY KEY (`id`),
  UNIQUE KEY `compositeIndex` (`number`,`buildingId`),
  KEY `buildingId` (`buildingId`),
  KEY `floorId` (`floorId`),
  CONSTRAINT `rooms_ibfk_1` FOREIGN KEY (`buildingId`) REFERENCES `buildings` (`id`) ON DELETE CASCADE ON UPDATE CASCADE,
  CONSTRAINT `rooms_ibfk_2` FOREIGN KEY (`floorId`) REFERENCES `floors` (`id`) ON DELETE SET NULL ON UPDATE CASCADE
) ENGINE=InnoDB AUTO_INCREMENT=215 DEFAULT CHARSET=utf8;

/*Data for the table `rooms` */

insert  into `rooms`(`id`,`number`,`buildingId`,`status`,`peopleNum`,`createdAt`,`updatedAt`,`deletedAt`,`floorId`) values 
(1,101,1,1,6,'2021-12-24 14:40:00','2021-12-24 14:40:00',NULL,1),
(2,101,3,1,6,'2021-12-24 14:40:00','2021-12-24 14:40:00',NULL,11),
(5,101,6,1,6,'2021-12-24 14:40:00','2021-12-24 14:40:00',NULL,14),
(6,102,6,1,6,'2021-12-24 14:40:00','2021-12-24 14:40:00',NULL,14),
(7,103,6,1,6,'2021-12-24 14:40:00','2021-12-24 14:40:00',NULL,14),
(8,104,6,1,6,'2021-12-24 14:40:00','2021-12-24 14:40:00',NULL,14),
(9,105,6,1,6,'2021-12-24 14:40:00','2021-12-24 14:40:00',NULL,14),
(10,106,6,1,6,'2021-12-24 14:40:00','2021-12-24 14:40:00',NULL,14),
(11,107,6,1,6,'2021-12-24 14:40:00','2021-12-24 14:40:00',NULL,14),
(12,108,6,1,6,'2021-12-24 14:40:00','2021-12-24 14:40:00',NULL,14),
(13,109,6,1,6,'2021-12-24 14:40:00','2021-12-24 14:40:00',NULL,14),
(14,110,6,1,6,'2021-12-24 14:40:00','2021-12-24 14:40:00',NULL,14),
(15,111,6,1,6,'2021-12-24 14:40:00','2021-12-24 14:40:00',NULL,14),
(16,112,6,1,6,'2021-12-24 14:40:00','2021-12-24 14:40:00',NULL,14),
(17,113,6,1,6,'2021-12-24 14:40:00','2021-12-24 14:40:00',NULL,14),
(18,114,6,1,6,'2021-12-24 14:40:00','2021-12-24 14:40:00',NULL,14),
(19,115,6,1,6,'2021-12-24 14:40:00','2021-12-24 14:40:00',NULL,14),
(20,116,6,1,6,'2021-12-24 14:40:00','2021-12-24 14:40:00',NULL,14),
(21,117,6,1,6,'2021-12-24 14:40:00','2021-12-24 14:40:00',NULL,14),
(22,118,6,1,6,'2021-12-24 14:40:00','2021-12-24 14:40:00',NULL,14),
(23,119,6,1,6,'2021-12-24 14:40:00','2021-12-24 14:40:00',NULL,14),
(24,120,6,1,6,'2021-12-24 14:40:00','2021-12-24 14:40:00',NULL,14),
(25,201,6,1,6,'2021-12-24 14:40:00','2021-12-24 14:40:00',NULL,15),
(26,202,6,1,6,'2021-12-24 14:40:00','2021-12-24 14:40:00',NULL,15),
(27,203,6,1,6,'2021-12-24 14:40:00','2021-12-24 14:40:00',NULL,15),
(28,204,6,1,6,'2021-12-24 14:40:00','2021-12-24 14:40:00',NULL,15),
(29,205,6,1,6,'2021-12-24 14:40:00','2021-12-24 14:40:00',NULL,15),
(30,206,6,1,6,'2021-12-24 14:40:00','2021-12-24 14:40:00',NULL,15),
(31,207,6,1,6,'2021-12-24 14:40:00','2021-12-24 14:40:00',NULL,15),
(32,208,6,1,6,'2021-12-24 14:40:00','2021-12-24 14:40:00',NULL,15),
(33,209,6,1,6,'2021-12-24 14:40:00','2021-12-24 14:40:00',NULL,15),
(34,210,6,1,6,'2021-12-24 14:40:00','2021-12-24 14:40:00',NULL,15),
(35,211,6,1,6,'2021-12-24 14:40:00','2021-12-24 14:40:00',NULL,15),
(36,212,6,1,6,'2021-12-24 14:40:00','2021-12-24 14:40:00',NULL,15),
(37,213,6,1,6,'2021-12-24 14:40:00','2021-12-24 14:40:00',NULL,15),
(38,214,6,1,6,'2021-12-24 14:40:00','2021-12-24 14:40:00',NULL,15),
(39,215,6,1,6,'2021-12-24 14:40:00','2021-12-24 14:40:00',NULL,15),
(40,216,6,1,6,'2021-12-24 14:40:00','2021-12-24 14:40:00',NULL,15),
(41,217,6,1,6,'2021-12-24 14:40:00','2021-12-24 14:40:00',NULL,15),
(42,218,6,1,6,'2021-12-24 14:40:00','2021-12-24 14:40:00',NULL,15),
(43,219,6,1,6,'2021-12-24 14:40:00','2021-12-24 14:40:00',NULL,15),
(44,220,6,1,6,'2021-12-24 14:40:00','2021-12-24 14:40:00',NULL,15),
(45,301,6,1,6,'2021-12-24 14:40:00','2021-12-24 14:40:00',NULL,16),
(46,302,6,1,6,'2021-12-24 14:40:00','2021-12-24 14:40:00',NULL,16),
(47,303,6,1,6,'2021-12-24 14:40:00','2021-12-24 14:40:00',NULL,16),
(48,304,6,1,6,'2021-12-24 14:40:00','2021-12-24 14:40:00',NULL,16),
(49,305,6,1,6,'2021-12-24 14:40:00','2021-12-24 14:40:00',NULL,16),
(50,306,6,1,6,'2021-12-24 14:40:00','2021-12-24 14:40:00',NULL,16),
(51,307,6,1,6,'2021-12-24 14:40:00','2021-12-24 14:40:00',NULL,16),
(52,308,6,1,6,'2021-12-24 14:40:00','2021-12-24 14:40:00',NULL,16),
(53,309,6,1,6,'2021-12-24 14:40:00','2021-12-24 14:40:00',NULL,16),
(54,310,6,1,6,'2021-12-24 14:40:00','2021-12-24 14:40:00',NULL,16),
(55,311,6,1,6,'2021-12-24 14:40:00','2021-12-24 14:40:00',NULL,16),
(56,312,6,1,6,'2021-12-24 14:40:00','2021-12-24 14:40:00',NULL,16),
(57,313,6,1,6,'2021-12-24 14:40:00','2021-12-24 14:40:00',NULL,16),
(58,314,6,1,6,'2021-12-24 14:40:00','2021-12-24 14:40:00',NULL,16),
(59,315,6,1,6,'2021-12-24 14:40:00','2021-12-24 14:40:00',NULL,16),
(60,316,6,1,6,'2021-12-24 14:40:00','2021-12-24 14:40:00',NULL,16),
(61,317,6,1,6,'2021-12-24 14:40:00','2021-12-24 14:40:00',NULL,16),
(62,318,6,1,6,'2021-12-24 14:40:00','2021-12-24 14:40:00',NULL,16),
(63,319,6,1,6,'2021-12-24 14:40:00','2021-12-24 14:40:00',NULL,16),
(64,320,6,1,6,'2021-12-24 14:40:00','2021-12-24 14:40:00',NULL,16),
(65,401,6,1,6,'2021-12-24 14:40:00','2021-12-24 14:40:00',NULL,17),
(66,402,6,1,6,'2021-12-24 14:40:00','2021-12-24 14:40:00',NULL,17),
(67,403,6,1,6,'2021-12-24 14:40:00','2021-12-24 14:40:00',NULL,17),
(68,404,6,1,6,'2021-12-24 14:40:00','2021-12-24 14:40:00',NULL,17),
(69,405,6,1,6,'2021-12-24 14:40:00','2021-12-24 14:40:00',NULL,17),
(70,406,6,1,6,'2021-12-24 14:40:00','2021-12-24 14:40:00',NULL,17),
(71,407,6,1,6,'2021-12-24 14:40:00','2021-12-24 14:40:00',NULL,17),
(72,408,6,1,6,'2021-12-24 14:40:00','2021-12-24 14:40:00',NULL,17),
(73,409,6,1,6,'2021-12-24 14:40:00','2021-12-24 14:40:00',NULL,17),
(74,410,6,1,6,'2021-12-24 14:40:00','2021-12-24 14:40:00',NULL,17),
(75,411,6,1,6,'2021-12-24 14:40:00','2021-12-24 14:40:00',NULL,17),
(76,412,6,1,6,'2021-12-24 14:40:00','2021-12-24 14:40:00',NULL,17),
(77,413,6,1,6,'2021-12-24 14:40:00','2021-12-24 14:40:00',NULL,17),
(78,414,6,1,6,'2021-12-24 14:40:00','2021-12-24 14:40:00',NULL,17),
(79,415,6,1,6,'2021-12-24 14:40:00','2021-12-24 14:40:00',NULL,17),
(80,416,6,1,6,'2021-12-24 14:40:00','2021-12-24 14:40:00',NULL,17),
(81,417,6,1,6,'2021-12-24 14:40:00','2021-12-24 14:40:00',NULL,17),
(82,418,6,1,6,'2021-12-24 14:40:00','2021-12-24 14:40:00',NULL,17),
(83,419,6,1,6,'2021-12-24 14:40:00','2021-12-24 14:40:00',NULL,17),
(84,420,6,1,6,'2021-12-24 14:40:00','2021-12-24 14:40:00',NULL,17),
(85,501,6,1,6,'2021-12-24 14:40:00','2021-12-24 14:40:00',NULL,18),
(86,502,6,1,6,'2021-12-24 14:40:00','2021-12-24 14:40:00',NULL,18),
(87,503,6,1,6,'2021-12-24 14:40:00','2021-12-24 14:40:00',NULL,18),
(88,504,6,1,6,'2021-12-24 14:40:00','2021-12-24 14:40:00',NULL,18),
(89,505,6,1,6,'2021-12-24 14:40:00','2021-12-24 14:40:00',NULL,18),
(90,506,6,1,6,'2021-12-24 14:40:00','2021-12-24 14:40:00',NULL,18),
(91,507,6,1,6,'2021-12-24 14:40:00','2021-12-24 14:40:00',NULL,18),
(92,508,6,1,6,'2021-12-24 14:40:00','2021-12-24 14:40:00',NULL,18),
(93,509,6,1,6,'2021-12-24 14:40:00','2021-12-24 14:40:00',NULL,18),
(94,510,6,1,6,'2021-12-24 14:40:00','2021-12-24 14:40:00',NULL,18),
(95,511,6,1,6,'2021-12-24 14:40:00','2021-12-24 14:40:00',NULL,18),
(96,512,6,1,6,'2021-12-24 14:40:00','2021-12-24 14:40:00',NULL,18),
(97,513,6,1,6,'2021-12-24 14:40:00','2021-12-24 14:40:00',NULL,18),
(98,514,6,1,6,'2021-12-24 14:40:00','2021-12-24 14:40:00',NULL,18),
(99,515,6,1,6,'2021-12-24 14:40:00','2021-12-24 14:40:00',NULL,18),
(100,516,6,1,6,'2021-12-24 14:40:00','2021-12-24 14:40:00',NULL,18),
(101,517,6,1,6,'2021-12-24 14:40:00','2021-12-24 14:40:00',NULL,18),
(102,518,6,1,6,'2021-12-24 14:40:00','2021-12-24 14:40:00',NULL,18),
(103,519,6,1,6,'2021-12-24 14:40:00','2021-12-24 14:40:00',NULL,18),
(104,520,6,1,6,'2021-12-24 14:40:00','2021-12-24 14:40:00',NULL,18),
(105,601,6,1,6,'2021-12-24 14:40:00','2021-12-24 14:40:00',NULL,19),
(106,602,6,1,6,'2021-12-24 14:40:00','2021-12-24 14:40:00',NULL,19),
(107,603,6,1,6,'2021-12-24 14:40:00','2021-12-24 14:40:00',NULL,19),
(108,604,6,1,6,'2021-12-24 14:40:00','2021-12-24 14:40:00',NULL,19),
(109,605,6,1,6,'2021-12-24 14:40:00','2021-12-24 14:40:00',NULL,19),
(110,606,6,1,6,'2021-12-24 14:40:00','2021-12-24 14:40:00',NULL,19),
(111,607,6,1,6,'2021-12-24 14:40:00','2021-12-24 14:40:00',NULL,19),
(112,608,6,1,6,'2021-12-24 14:40:00','2021-12-24 14:40:00',NULL,19),
(113,609,6,1,6,'2021-12-24 14:40:00','2021-12-24 14:40:00',NULL,19),
(114,610,6,1,6,'2021-12-24 14:40:00','2021-12-24 14:40:00',NULL,19),
(115,611,6,1,6,'2021-12-24 14:40:00','2021-12-24 14:40:00',NULL,19),
(116,612,6,1,6,'2021-12-24 14:40:00','2021-12-24 14:40:00',NULL,19),
(117,613,6,1,6,'2021-12-24 14:40:00','2021-12-24 14:40:00',NULL,19),
(118,614,6,1,6,'2021-12-24 14:40:00','2021-12-24 14:40:00',NULL,19),
(119,615,6,1,6,'2021-12-24 14:40:00','2021-12-24 14:40:00',NULL,19),
(120,616,6,1,6,'2021-12-24 14:40:00','2021-12-24 14:40:00',NULL,19),
(121,617,6,1,6,'2021-12-24 14:40:00','2021-12-24 14:40:00',NULL,19),
(122,618,6,1,6,'2021-12-24 14:40:00','2021-12-24 14:40:00',NULL,19),
(123,619,6,1,6,'2021-12-24 14:40:00','2021-12-24 14:40:00',NULL,19),
(124,620,6,1,6,'2021-12-24 14:40:00','2021-12-24 14:40:00',NULL,19),
(125,701,6,1,6,'2021-12-24 14:40:00','2021-12-24 14:40:00',NULL,20),
(126,702,6,1,6,'2021-12-24 14:40:00','2021-12-24 14:40:00',NULL,20),
(127,703,6,1,6,'2021-12-24 14:40:00','2021-12-24 14:40:00',NULL,20),
(128,704,6,1,6,'2021-12-24 14:40:00','2021-12-24 14:40:00',NULL,20),
(129,705,6,1,6,'2021-12-24 14:40:00','2021-12-24 14:40:00',NULL,20),
(130,706,6,1,6,'2021-12-24 14:40:00','2021-12-24 14:40:00',NULL,20),
(131,707,6,1,6,'2021-12-24 14:40:00','2021-12-24 14:40:00',NULL,20),
(132,708,6,1,6,'2021-12-24 14:40:00','2021-12-24 14:40:00',NULL,20),
(133,709,6,1,6,'2021-12-24 14:40:00','2021-12-24 14:40:00',NULL,20),
(134,710,6,1,6,'2021-12-24 14:40:00','2021-12-24 14:40:00',NULL,20),
(135,711,6,1,6,'2021-12-24 14:40:00','2021-12-24 14:40:00',NULL,20),
(136,712,6,1,6,'2021-12-24 14:40:00','2021-12-24 14:40:00',NULL,20),
(137,713,6,1,6,'2021-12-24 14:40:00','2021-12-24 14:40:00',NULL,20),
(138,714,6,1,6,'2021-12-24 14:40:00','2021-12-24 14:40:00',NULL,20),
(139,715,6,1,6,'2021-12-24 14:40:00','2021-12-24 14:40:00',NULL,20),
(140,716,6,1,6,'2021-12-24 14:40:00','2021-12-24 14:40:00',NULL,20),
(141,717,6,1,6,'2021-12-24 14:40:00','2021-12-24 14:40:00',NULL,20),
(142,718,6,1,6,'2021-12-24 14:40:00','2021-12-24 14:40:00',NULL,20),
(143,719,6,1,6,'2021-12-24 14:40:00','2021-12-24 14:40:00',NULL,20),
(144,720,6,1,6,'2021-12-24 14:40:00','2021-12-24 14:40:00',NULL,20),
(145,801,6,1,6,'2021-12-24 14:40:00','2021-12-24 14:40:00',NULL,21),
(146,802,6,1,6,'2021-12-24 14:40:00','2021-12-24 14:40:00',NULL,21),
(147,803,6,1,6,'2021-12-24 14:40:00','2021-12-24 14:40:00',NULL,21),
(148,804,6,1,6,'2021-12-24 14:40:00','2021-12-24 14:40:00',NULL,21),
(149,805,6,1,6,'2021-12-24 14:40:00','2021-12-24 14:40:00',NULL,21),
(150,806,6,1,6,'2021-12-24 14:40:00','2021-12-24 14:40:00',NULL,21),
(151,807,6,1,6,'2021-12-24 14:40:00','2021-12-24 14:40:00',NULL,21),
(152,808,6,1,6,'2021-12-24 14:40:00','2021-12-24 14:40:00',NULL,21),
(153,809,6,1,6,'2021-12-24 14:40:00','2021-12-24 14:40:00',NULL,21),
(154,810,6,1,6,'2021-12-24 14:40:00','2021-12-24 14:40:00',NULL,21),
(155,811,6,1,6,'2021-12-24 14:40:00','2021-12-24 14:40:00',NULL,21),
(156,812,6,1,6,'2021-12-24 14:40:00','2021-12-24 14:40:00',NULL,21),
(157,813,6,1,6,'2021-12-24 14:40:00','2021-12-24 14:40:00',NULL,21),
(158,814,6,1,6,'2021-12-24 14:40:00','2021-12-24 14:40:00',NULL,21),
(159,815,6,1,6,'2021-12-24 14:40:00','2021-12-24 14:40:00',NULL,21),
(160,816,6,1,6,'2021-12-24 14:40:00','2021-12-24 14:40:00',NULL,21),
(161,817,6,1,6,'2021-12-24 14:40:00','2021-12-24 14:40:00',NULL,21),
(162,818,6,1,6,'2021-12-24 14:40:00','2021-12-24 14:40:00',NULL,21),
(163,819,6,1,6,'2021-12-24 14:40:00','2021-12-24 14:40:00',NULL,21),
(164,820,6,1,6,'2021-12-24 14:40:00','2021-12-24 14:40:00',NULL,21),
(165,901,6,1,6,'2021-12-24 14:40:00','2021-12-24 14:40:00',NULL,22),
(166,902,6,1,6,'2021-12-24 14:40:00','2021-12-24 14:40:00',NULL,22),
(167,903,6,1,6,'2021-12-24 14:40:00','2021-12-24 14:40:00',NULL,22),
(168,904,6,1,6,'2021-12-24 14:40:00','2021-12-24 14:40:00',NULL,22),
(169,905,6,1,6,'2021-12-24 14:40:00','2021-12-24 14:40:00',NULL,22),
(170,906,6,1,6,'2021-12-24 14:40:00','2021-12-24 14:40:00',NULL,22),
(171,907,6,1,6,'2021-12-24 14:40:00','2021-12-24 14:40:00',NULL,22),
(172,908,6,1,6,'2021-12-24 14:40:00','2021-12-24 14:40:00',NULL,22),
(173,909,6,1,6,'2021-12-24 14:40:00','2021-12-24 14:40:00',NULL,22),
(174,910,6,1,6,'2021-12-24 14:40:00','2021-12-24 14:40:00',NULL,22),
(175,911,6,1,6,'2021-12-24 14:40:00','2021-12-24 14:40:00',NULL,22),
(176,912,6,1,6,'2021-12-24 14:40:00','2021-12-24 14:40:00',NULL,22),
(177,913,6,1,6,'2021-12-24 14:40:00','2021-12-24 14:40:00',NULL,22),
(178,914,6,1,6,'2021-12-24 14:40:00','2021-12-24 14:40:00',NULL,22),
(179,915,6,1,6,'2021-12-24 14:40:00','2021-12-24 14:40:00',NULL,22),
(180,916,6,1,6,'2021-12-24 14:40:00','2021-12-24 14:40:00',NULL,22),
(181,917,6,1,6,'2021-12-24 14:40:00','2021-12-24 14:40:00',NULL,22),
(182,918,6,1,6,'2021-12-24 14:40:00','2021-12-24 14:40:00',NULL,22),
(183,919,6,1,6,'2021-12-24 14:40:00','2021-12-24 14:40:00',NULL,22),
(184,920,6,1,6,'2021-12-24 14:40:00','2021-12-24 14:40:00',NULL,22),
(185,101,7,1,6,'2021-12-24 14:40:00','2021-12-24 14:40:00',NULL,23),
(186,102,7,1,6,'2021-12-24 14:40:00','2021-12-24 14:40:00',NULL,23),
(187,103,7,1,6,'2021-12-24 14:40:00','2021-12-24 14:40:00',NULL,23),
(188,104,7,1,6,'2021-12-24 14:40:00','2021-12-24 14:40:00',NULL,23),
(189,105,7,1,6,'2021-12-24 14:40:00','2021-12-24 14:40:00',NULL,23),
(190,106,7,1,6,'2021-12-24 14:40:00','2021-12-24 14:40:00',NULL,23),
(191,107,7,1,6,'2021-12-24 14:40:00','2021-12-24 14:40:00',NULL,23),
(192,108,7,1,6,'2021-12-24 14:40:00','2021-12-24 14:40:00',NULL,23),
(193,109,7,1,6,'2021-12-24 14:40:00','2021-12-24 14:40:00',NULL,23),
(194,110,7,1,6,'2021-12-24 14:40:00','2021-12-24 14:40:00',NULL,23),
(195,201,7,1,6,'2021-12-24 14:40:00','2021-12-24 14:40:00',NULL,24),
(196,202,7,1,6,'2021-12-24 14:40:00','2021-12-24 14:40:00',NULL,24),
(197,203,7,1,6,'2021-12-24 14:40:00','2021-12-24 14:40:00',NULL,24),
(198,204,7,1,6,'2021-12-24 14:40:00','2021-12-24 14:40:00',NULL,24),
(199,205,7,1,6,'2021-12-24 14:40:00','2021-12-24 14:40:00',NULL,24),
(200,206,7,1,6,'2021-12-24 14:40:00','2021-12-24 14:40:00',NULL,24),
(201,207,7,1,6,'2021-12-24 14:40:00','2021-12-24 14:40:00',NULL,24),
(202,208,7,1,6,'2021-12-24 14:40:00','2021-12-24 14:40:00',NULL,24),
(203,209,7,1,6,'2021-12-24 14:40:00','2021-12-24 14:40:00',NULL,24),
(204,210,7,1,6,'2021-12-24 14:40:00','2021-12-24 14:40:00',NULL,24),
(205,301,7,1,6,'2021-12-24 14:40:00','2021-12-24 14:40:00',NULL,25),
(206,302,7,1,6,'2021-12-24 14:40:00','2021-12-24 14:40:00',NULL,25),
(207,303,7,1,6,'2021-12-24 14:40:00','2021-12-24 14:40:00',NULL,25),
(208,304,7,1,6,'2021-12-24 14:40:00','2021-12-24 14:40:00',NULL,25),
(209,305,7,1,6,'2021-12-24 14:40:00','2021-12-24 14:40:00',NULL,25),
(210,306,7,1,6,'2021-12-24 14:40:00','2021-12-24 14:40:00',NULL,25),
(211,307,7,1,6,'2021-12-24 14:40:00','2021-12-24 14:40:00',NULL,25),
(212,308,7,1,6,'2021-12-24 14:40:00','2021-12-24 14:40:00',NULL,25),
(213,309,7,1,6,'2021-12-24 14:40:00','2021-12-24 14:40:00',NULL,25),
(214,310,7,1,6,'2021-12-24 14:40:00','2021-12-24 14:40:00',NULL,25);

/*Table structure for table `tokens` */

DROP TABLE IF EXISTS `tokens`;

CREATE TABLE `tokens` (
  `id` int(11) NOT NULL AUTO_INCREMENT,
  `createdAt` datetime NOT NULL,
  `updatedAt` datetime NOT NULL,
  `userId` int(11) DEFAULT NULL,
  PRIMARY KEY (`id`)
) ENGINE=InnoDB AUTO_INCREMENT=47 DEFAULT CHARSET=utf8;

/*Data for the table `tokens` */

insert  into `tokens`(`id`,`createdAt`,`updatedAt`,`userId`) values 
(42,'2021-12-24 15:04:13','2021-12-24 14:40:00',3),
(43,'2021-12-24 15:23:40','2021-12-24 15:23:40',3),
(44,'2021-12-24 16:07:18','2021-12-24 16:07:18',3),
(45,'2021-12-24 16:13:59','2021-12-24 16:13:59',2),
(46,'2021-12-24 16:17:38','2021-12-24 16:17:38',2);

/*Table structure for table `users` */

DROP TABLE IF EXISTS `users`;

CREATE TABLE `users` (
  `id` int(11) NOT NULL AUTO_INCREMENT,
  `account` varchar(255) NOT NULL,
  `password` varchar(255) NOT NULL,
  `role` varchar(255) DEFAULT 'student',
  `name` varchar(255) DEFAULT NULL,
  `phone` varchar(255) DEFAULT NULL,
  `checkTime` datetime DEFAULT NULL COMMENT '入住宿舍时间',
  `createdAt` datetime NOT NULL,
  `updatedAt` datetime NOT NULL,
  `deletedAt` datetime DEFAULT NULL,
  `roomId` int(11) DEFAULT NULL,
  PRIMARY KEY (`id`,`account`),
  KEY `roomId` (`roomId`),
  CONSTRAINT `users_ibfk_1` FOREIGN KEY (`roomId`) REFERENCES `rooms` (`id`) ON DELETE SET NULL ON UPDATE CASCADE
) ENGINE=InnoDB AUTO_INCREMENT=13 DEFAULT CHARSET=utf8;

/*Data for the table `users` */

insert  into `users`(`id`,`account`,`password`,`role`,`name`,`phone`,`checkTime`,`createdAt`,`updatedAt`,`deletedAt`,`roomId`) values 
(1,'2001130001','$2a$10$vGnvYKcAYAOLwLF7blj2JeyORsf/BDb/5qVsIoC6ohuD0.4zln7P6','student','徐建海','12222222222','2021-12-24 14:42:00','2021-12-24 14:40:00','2021-12-24 14:40:00',NULL,1),
(2,'admin','$2a$10$NNZoAxHHO.NJq1AJLzp.4eRBMCRWfJbiPltpJdV3yNV4iP2cASB.K','admin','高嘉伟','1233333',NULL,'2021-12-24 14:40:00','2021-12-24 14:40:00',NULL,NULL),
(3,'superAdmin','$2a$10$UzYrrpiCanig0CFGdqONRe.c65B9d9sEOiD1wH6B/oZCXubJKLi6m','superAdmin','郑润平','122222222',NULL,'2021-12-24 14:40:00','2021-12-24 14:40:00',NULL,NULL),
(4,'2001130002','$2a$10$Zm41SRjOlSYl2ph3.YwL/.X340x5PBdr46MOOeKDJjblHBbAYqEl2','student','陈永毅','123456789011','2021-12-24 14:42:00','2021-12-24 14:40:00','2021-12-24 14:40:00',NULL,1),
(5,'2001130003','$2a$10$JAeYA769PDtIL6oqHvv7TOTaFOJZGK7iOwXsxJiMxcZb/VYNXbtrK','student','吴玉文','123456789011','2021-12-24 14:42:00','2021-12-24 14:40:00','2021-12-24 14:40:00',NULL,1),
(6,'2001130004','$2a$10$IvA0ATl.h2NwRS4XFrcsxuF2eEagmwRGGieAYiAdCTA5tEz714H9W','student','叶宋林','1222322333','2021-12-24 14:42:00','2021-12-24 14:40:00','2021-12-24 14:40:00',NULL,2),
(7,'2001130005','$2a$10$h8yVZoEnfOy/DnBnOq4aEOgoS1Zm81b722bV7Na.u0.xBxgzhpURC','student','刘焕','1233333333333','2021-12-24 14:42:00','2021-12-24 14:40:00','2021-12-24 14:40:00',NULL,2),
(9,'admin2','$2a$10$T0477k8Pokm9PbkFpDp6Yerh.ej3I8TTrJa3qxAPRYHWpmJfKQFu2','admin','张怡铉','123',NULL,'2021-12-24 14:40:00','2021-12-24 14:40:00',NULL,NULL),
(11,'2001130006','$2a$10$urcAJNlkFOpwlJIhPV1l/egzU0uH8eGs8AxgjR5f9JAE6hR7xj7rW','student','黄磊','123456','2020-02-24 14:07:27','2021-12-24 14:40:00','2021-12-24 14:40:00',NULL,1);

/*!40101 SET SQL_MODE=@OLD_SQL_MODE */;
/*!40014 SET FOREIGN_KEY_CHECKS=@OLD_FOREIGN_KEY_CHECKS */;
/*!40014 SET UNIQUE_CHECKS=@OLD_UNIQUE_CHECKS */;
/*!40111 SET SQL_NOTES=@OLD_SQL_NOTES */;
